{"cameraMode":{"drawMode":0,"name":"Shaded","section":"Shading Mode"},"sceneLighting":false,"audioPlay":false,"sceneViewState":{"showFog":true,"showMaterialUpdate":true,"showSkybox":true,"showFlares":true,"showImageEffects":true,"showParticleSystems":true},"in2DMode":false,"pivot":{"x":-56.32352066040039,"y":47.70003890991211,"z":-19.348451614379884},"rotation":{"x":-0.2753279209136963,"y":0.19441549479961396,"z":-0.05695968121290207,"w":-0.9397621154785156},"size":4.573291778564453,"orthographic":false}