{"cameraMode":{"drawMode":0,"name":"Shaded","section":"Shading Mode"},"sceneLighting":false,"audioPlay":false,"sceneViewState":{"showFog":true,"showMaterialUpdate":true,"showSkybox":true,"showFlares":true,"showImageEffects":true,"showParticleSystems":true},"in2DMode":false,"pivot":{"x":-54.80912399291992,"y":49.67751693725586,"z":-29.907146453857423},"rotation":{"x":-0.007661246694624424,"y":0.6837928891181946,"z":-0.0071806092746555809,"w":-0.7296006679534912},"size":5.326223373413086,"orthographic":false}