{"cameraMode":{"drawMode":0,"name":"Shaded","section":"Shading Mode"},"sceneLighting":false,"audioPlay":false,"sceneViewState":{"showFog":true,"showMaterialUpdate":true,"showSkybox":true,"showFlares":true,"showImageEffects":true,"showParticleSystems":true},"in2DMode":false,"pivot":{"x":13.123390197753907,"y":12.03522777557373,"z":50.26217269897461},"rotation":{"x":-0.13302509486675263,"y":0.03418548405170441,"z":-0.004591281991451979,"w":-0.9905123114585877},"size":3.1416585445404054,"orthographic":false}