{"cameraMode":{"drawMode":0,"name":"Shaded","section":"Shading Mode"},"sceneLighting":true,"audioPlay":false,"sceneViewState":{"showFog":true,"showMaterialUpdate":true,"showSkybox":true,"showFlares":true,"showImageEffects":true,"showParticleSystems":true},"in2DMode":false,"pivot":{"x":-56.29999923706055,"y":46.79999923706055,"z":-19.390512466430665},"rotation":{"x":-0.023975351825356485,"y":-0.043473999947309497,"z":0.0010432753479108215,"w":-0.9987663626670837},"size":22.0,"orthographic":false}