{"cameraMode":{"drawMode":0,"name":"Shaded","section":"Shading Mode"},"sceneLighting":false,"audioPlay":false,"sceneViewState":{"showFog":true,"showMaterialUpdate":true,"showSkybox":true,"showFlares":true,"showImageEffects":true,"showParticleSystems":true},"in2DMode":false,"pivot":{"x":-56.32352066040039,"y":47.70003890991211,"z":-19.348451614379884},"rotation":{"x":-0.05098442733287811,"y":-0.393412321805954,"z":0.021856673061847688,"w":-0.917687177658081},"size":4.573291778564453,"orthographic":false}