{"cameraMode":{"drawMode":0,"name":"Shaded","section":"Shading Mode"},"sceneLighting":true,"audioPlay":false,"sceneViewState":{"showFog":true,"showMaterialUpdate":true,"showSkybox":true,"showFlares":true,"showImageEffects":true,"showParticleSystems":true},"in2DMode":false,"pivot":{"x":14.268062591552735,"y":-2.279982566833496,"z":40.34016418457031},"rotation":{"x":-0.2753279209136963,"y":0.19441547989845277,"z":-0.05695968121290207,"w":-0.9397621154785156},"size":17.46402931213379,"orthographic":false}