{"cameraMode":{"drawMode":0,"name":"Shaded","section":"Shading Mode"},"sceneLighting":false,"audioPlay":false,"sceneViewState":{"showFog":true,"showMaterialUpdate":true,"showSkybox":true,"showFlares":true,"showImageEffects":true,"showParticleSystems":true},"in2DMode":false,"pivot":{"x":-56.32352066040039,"y":47.70003890991211,"z":-19.348451614379884},"rotation":{"x":-0.19809165596961976,"y":-0.4590347707271576,"z":0.10578672587871552,"w":-0.8595673441886902},"size":4.573291778564453,"orthographic":false}