{"cameraMode":{"drawMode":0,"name":"Shaded","section":"Shading Mode"},"sceneLighting":true,"audioPlay":false,"sceneViewState":{"showFog":true,"showMaterialUpdate":true,"showSkybox":true,"showFlares":true,"showImageEffects":true,"showParticleSystems":true},"in2DMode":false,"pivot":{"x":1.8726496696472169,"y":4.78782320022583,"z":2.4629478454589845},"rotation":{"x":-0.05098442733287811,"y":-0.393412321805954,"z":0.021856673061847688,"w":-0.917687177658081},"size":13.680107116699219,"orthographic":false}