{"cameraMode":{"drawMode":0,"name":"Shaded","section":"Shading Mode"},"sceneLighting":false,"audioPlay":false,"sceneViewState":{"showFog":true,"showMaterialUpdate":true,"showSkybox":true,"showFlares":true,"showImageEffects":true,"showParticleSystems":true},"in2DMode":false,"pivot":{"x":-56.48424530029297,"y":47.40214538574219,"z":-19.441831588745118},"rotation":{"x":0.0011899020755663515,"y":-0.9987900853157044,"z":-0.031471844762563708,"w":-0.03776839002966881},"size":2.4732918739318849,"orthographic":false}