{"cameraMode":{"drawMode":0,"name":"Shaded","section":"Shading Mode"},"sceneLighting":false,"audioPlay":false,"sceneViewState":{"showFog":true,"showMaterialUpdate":true,"showSkybox":true,"showFlares":true,"showImageEffects":true,"showParticleSystems":true},"in2DMode":false,"pivot":{"x":-56.948455810546878,"y":47.12540054321289,"z":-19.072532653808595},"rotation":{"x":0.006940523628145456,"y":-0.8156770467758179,"z":-0.009788335300981999,"w":-0.578383207321167},"size":2.1732919216156008,"orthographic":false}